Name,Emails
TestUserTraining,api.tester@example.com
Patricia,patricia1234@gmail.com
Bhoopat Mukhopadhyay Ret.,bhoopat_ret_mukhopadhyay@hamill-kemmer.net
www.udzial.com,nani@gmail.com
Digambar Devar,devar_digambar@homenick.biz
Anilabh Bandopadhyay,anilabh_bandopadhyay@conroy-hickle.name
Aasha Gupta,gupta_aasha@haley-crooks.co
Shiv Khanna,khanna_shiv@altenwerth-barrows.org
Chandraswaroopa Kakkar,chandraswaroopa_kakkar@will.info
Gurdev Singh,gurdev_singh@oconnell-hackett.name
Mani Iyer,mani_iyer@vandervort-erdman.net
Devvrat Varma,devvrat_varma@kovacek-huels.io
Avadhesh Singh II,singh_avadhesh_ii@okuneva-crist.name
Apsara Ahuja,ahuja_apsara@hoppe.org
Bela Gandhi,gandhi_bela@reynolds-schuster.biz
Ghanshyam Chattopadhyay,chattopadhyay_ghanshyam@langworth.com
Somu Sinha,somu_sinha@roberts.com
Karunanidhi Embranthiri Esq.,esq_karunanidhi_embranthiri@rodriguez.name
Washington Luis Cabral da Silva,wluissilva@live.com
Arindam Abbott,abbott_arindam@rau-batz.io
